feature,correlation_with_target
target,1.0
interest_rate,0.33135650626562707
past_due_30d,0.22505973966833953
loan_amount,0.21281008178733973
inquiries_6m,0.04814516808976569
credit_id,0.02220125674335314
loan_term_months,-0.018977407188323886
age,-0.04535822621368279
employment_years,-0.11726217979240605
monthly_income,-0.14664841625391778
